policy,tau_c,tau_r,C_h,automation_rate,leakage_rate,system_f1,system_precision,system_recall,sens_precision,sens_recall,sens_f1,nsens_precision,nsens_recall,nsens_f1,expected_cost,human_cost,error_cost,leak_cost,n_deferred,n_total
autonomous,,,2.0,1.0,1.0,0.8829712683952348,0.8860759493670886,0.8798882681564246,0.8631178707224335,0.7964912280701755,0.8284671532846716,0.8995535714285714,0.9350348027842227,0.9169510807736063,15.402310670614243,0.0,1.72,13.682310670614243,0,100
autonomous,,,5.0,1.0,1.0,0.8829712683952348,0.8860759493670886,0.8798882681564246,0.8631178707224335,0.7964912280701755,0.8284671532846716,0.8995535714285714,0.9350348027842227,0.9169510807736063,15.402310670614243,0.0,1.72,13.682310670614243,0,100
autonomous,,,10.0,1.0,1.0,0.8829712683952348,0.8860759493670886,0.8798882681564246,0.8631178707224335,0.7964912280701755,0.8284671532846716,0.8995535714285714,0.9350348027842227,0.9169510807736063,15.402310670614243,0.0,1.72,13.682310670614243,0,100
autonomous,,,20.0,1.0,1.0,0.8829712683952348,0.8860759493670886,0.8798882681564246,0.8631178707224335,0.7964912280701755,0.8284671532846716,0.8995535714285714,0.9350348027842227,0.9169510807736063,15.402310670614243,0.0,1.72,13.682310670614243,0,100
autonomous,,,40.0,1.0,1.0,0.8829712683952348,0.8860759493670886,0.8798882681564246,0.8631178707224335,0.7964912280701755,0.8284671532846716,0.8995535714285714,0.9350348027842227,0.9169510807736063,15.402310670614243,0.0,1.72,13.682310670614243,0,100
confidence_only,0.75,,2.0,1.0,1.0,0.8829712683952348,0.8860759493670886,0.8798882681564246,0.8631178707224335,0.7964912280701755,0.8284671532846716,0.8995535714285714,0.9350348027842227,0.9169510807736063,15.402310670614243,0.0,1.72,13.682310670614243,0,100
confidence_only,0.75,,5.0,1.0,1.0,0.8829712683952348,0.8860759493670886,0.8798882681564246,0.8631178707224335,0.7964912280701755,0.8284671532846716,0.8995535714285714,0.9350348027842227,0.9169510807736063,15.402310670614243,0.0,1.72,13.682310670614243,0,100
confidence_only,0.75,,10.0,1.0,1.0,0.8829712683952348,0.8860759493670886,0.8798882681564246,0.8631178707224335,0.7964912280701755,0.8284671532846716,0.8995535714285714,0.9350348027842227,0.9169510807736063,15.402310670614243,0.0,1.72,13.682310670614243,0,100
confidence_only,0.75,,20.0,1.0,1.0,0.8829712683952348,0.8860759493670886,0.8798882681564246,0.8631178707224335,0.7964912280701755,0.8284671532846716,0.8995535714285714,0.9350348027842227,0.9169510807736063,15.402310670614243,0.0,1.72,13.682310670614243,0,100
confidence_only,0.75,,40.0,1.0,1.0,0.8829712683952348,0.8860759493670886,0.8798882681564246,0.8631178707224335,0.7964912280701755,0.8284671532846716,0.8995535714285714,0.9350348027842227,0.9169510807736063,15.402310670614243,0.0,1.72,13.682310670614243,0,100
confidence_only,0.8,,2.0,0.89,0.8918918918918919,0.8940350877192983,0.8984485190409027,0.8896648044692738,0.8702290076335878,0.8,0.8336380255941499,0.9149888143176734,0.9489559164733179,0.9316628701594533,14.044855046272279,0.22,1.58,12.244855046272278,11,100
confidence_only,0.8,,5.0,0.89,0.8918918918918919,0.8940350877192983,0.8984485190409027,0.8896648044692738,0.8702290076335878,0.8,0.8336380255941499,0.9149888143176734,0.9489559164733179,0.9316628701594533,14.374855046272279,0.55,1.58,12.244855046272278,11,100
confidence_only,0.8,,10.0,0.89,0.8918918918918919,0.8940350877192983,0.8984485190409027,0.8896648044692738,0.8702290076335878,0.8,0.8336380255941499,0.9149888143176734,0.9489559164733179,0.9316628701594533,14.924855046272278,1.1,1.58,12.244855046272278,11,100
confidence_only,0.8,,20.0,0.89,0.8918918918918919,0.8940350877192983,0.8984485190409027,0.8896648044692738,0.8702290076335878,0.8,0.8336380255941499,0.9149888143176734,0.9489559164733179,0.9316628701594533,16.02485504627228,2.2,1.58,12.244855046272278,11,100
confidence_only,0.8,,40.0,0.89,0.8918918918918919,0.8940350877192983,0.8984485190409027,0.8896648044692738,0.8702290076335878,0.8,0.8336380255941499,0.9149888143176734,0.9489559164733179,0.9316628701594533,18.22485504627228,4.4,1.58,12.244855046272278,11,100
confidence_only,0.85,,2.0,0.51,0.40540540540540543,0.9454545454545454,0.9561527581329562,0.9349930843706777,0.945054945054945,0.8835616438356164,0.9132743362831859,0.9631336405529954,0.9698375870069605,0.9664739884393063,7.307259989976883,0.98,0.94,5.387259989976883,49,100
confidence_only,0.85,,5.0,0.51,0.40540540540540543,0.9454545454545454,0.9561527581329562,0.9349930843706777,0.945054945054945,0.8835616438356164,0.9132743362831859,0.9631336405529954,0.9698375870069605,0.9664739884393063,8.777259989976884,2.45,0.94,5.387259989976883,49,100
confidence_only,0.85,,10.0,0.51,0.40540540540540543,0.9454545454545454,0.9561527581329562,0.9349930843706777,0.945054945054945,0.8835616438356164,0.9132743362831859,0.9631336405529954,0.9698375870069605,0.9664739884393063,11.227259989976883,4.9,0.94,5.387259989976883,49,100
confidence_only,0.85,,20.0,0.51,0.40540540540540543,0.9454545454545454,0.9561527581329562,0.9349930843706777,0.945054945054945,0.8835616438356164,0.9132743362831859,0.9631336405529954,0.9698375870069605,0.9664739884393063,16.12725998997688,9.8,0.94,5.387259989976883,49,100
confidence_only,0.85,,40.0,0.51,0.40540540540540543,0.9454545454545454,0.9561527581329562,0.9349930843706777,0.945054945054945,0.8835616438356164,0.9132743362831859,0.9631336405529954,0.9698375870069605,0.9664739884393063,25.927259989976882,19.6,0.94,5.387259989976883,49,100
confidence_only,0.9,,2.0,0.19,0.16216216216216217,0.9771309771309772,0.9846368715083799,0.9697386519944979,0.975609756097561,0.9459459459459459,0.9605488850771869,0.9906759906759907,0.9860788863109049,0.9883720930232558,4.313108263015747,1.62,0.44,2.253108263015747,81,100
confidence_only,0.9,,5.0,0.19,0.16216216216216217,0.9771309771309772,0.9846368715083799,0.9697386519944979,0.975609756097561,0.9459459459459459,0.9605488850771869,0.9906759906759907,0.9860788863109049,0.9883720930232558,6.743108263015747,4.05,0.44,2.253108263015747,81,100
confidence_only,0.9,,10.0,0.19,0.16216216216216217,0.9771309771309772,0.9846368715083799,0.9697386519944979,0.975609756097561,0.9459459459459459,0.9605488850771869,0.9906759906759907,0.9860788863109049,0.9883720930232558,10.793108263015746,8.1,0.44,2.253108263015747,81,100
confidence_only,0.9,,20.0,0.19,0.16216216216216217,0.9771309771309772,0.9846368715083799,0.9697386519944979,0.975609756097561,0.9459459459459459,0.9605488850771869,0.9906759906759907,0.9860788863109049,0.9883720930232558,18.893108263015748,16.2,0.44,2.253108263015747,81,100
confidence_only,0.9,,40.0,0.19,0.16216216216216217,0.9771309771309772,0.9846368715083799,0.9697386519944979,0.975609756097561,0.9459459459459459,0.9605488850771869,0.9906759906759907,0.9860788863109049,0.9883720930232558,35.09310826301575,32.4,0.44,2.253108263015747,81,100
confidence_only,0.95,,2.0,0.0,0.0,1.0,1.0,1.0,1.0,1.0,1.0,1.0,1.0,1.0,2.0,2.0,0.0,0.0,100,100
confidence_only,0.95,,5.0,0.0,0.0,1.0,1.0,1.0,1.0,1.0,1.0,1.0,1.0,1.0,5.0,5.0,0.0,0.0,100,100
confidence_only,0.95,,10.0,0.0,0.0,1.0,1.0,1.0,1.0,1.0,1.0,1.0,1.0,1.0,10.0,10.0,0.0,0.0,100,100
confidence_only,0.95,,20.0,0.0,0.0,1.0,1.0,1.0,1.0,1.0,1.0,1.0,1.0,1.0,20.0,20.0,0.0,0.0,100,100
confidence_only,0.95,,40.0,0.0,0.0,1.0,1.0,1.0,1.0,1.0,1.0,1.0,1.0,1.0,40.0,40.0,0.0,0.0,100,100
privacy_triggered,0.75,0.2,2.0,0.0,0.0,1.0,1.0,1.0,1.0,1.0,1.0,1.0,1.0,1.0,2.0,2.0,0.0,0.0,100,100
privacy_triggered,0.75,0.2,5.0,0.0,0.0,1.0,1.0,1.0,1.0,1.0,1.0,1.0,1.0,1.0,5.0,5.0,0.0,0.0,100,100
privacy_triggered,0.75,0.2,10.0,0.0,0.0,1.0,1.0,1.0,1.0,1.0,1.0,1.0,1.0,1.0,10.0,10.0,0.0,0.0,100,100
privacy_triggered,0.75,0.2,20.0,0.0,0.0,1.0,1.0,1.0,1.0,1.0,1.0,1.0,1.0,1.0,20.0,20.0,0.0,0.0,100,100
privacy_triggered,0.75,0.2,40.0,0.0,0.0,1.0,1.0,1.0,1.0,1.0,1.0,1.0,1.0,1.0,40.0,40.0,0.0,0.0,100,100
privacy_triggered,0.75,0.3,2.0,0.18,0.0,0.991174473862865,0.9851551956815114,0.9972677595628415,1.0,1.0,1.0,0.975,0.9953596287703016,0.9850746268656716,1.68,1.64,0.04,0.0,82,100
privacy_triggered,0.75,0.3,5.0,0.18,0.0,0.991174473862865,0.9851551956815114,0.9972677595628415,1.0,1.0,1.0,0.975,0.9953596287703016,0.9850746268656716,4.14,4.1,0.04,0.0,82,100
privacy_triggered,0.75,0.3,10.0,0.18,0.0,0.991174473862865,0.9851551956815114,0.9972677595628415,1.0,1.0,1.0,0.975,0.9953596287703016,0.9850746268656716,8.24,8.2,0.04,0.0,82,100
privacy_triggered,0.75,0.3,20.0,0.18,0.0,0.991174473862865,0.9851551956815114,0.9972677595628415,1.0,1.0,1.0,0.975,0.9953596287703016,0.9850746268656716,16.44,16.4,0.04,0.0,82,100
privacy_triggered,0.75,0.3,40.0,0.18,0.0,0.991174473862865,0.9851551956815114,0.9972677595628415,1.0,1.0,1.0,0.975,0.9953596287703016,0.9850746268656716,32.84,32.8,0.04,0.0,82,100
privacy_triggered,0.75,0.4,2.0,0.23,0.0,0.9891304347826086,0.9837837837837838,0.994535519125683,1.0,1.0,1.0,0.9726651480637813,0.9907192575406032,0.9816091954022989,1.62,1.54,0.08,0.0,77,100
privacy_triggered,0.75,0.4,5.0,0.23,0.0,0.9891304347826086,0.9837837837837838,0.994535519125683,1.0,1.0,1.0,0.9726651480637813,0.9907192575406032,0.9816091954022989,3.93,3.85,0.08,0.0,77,100
privacy_triggered,0.75,0.4,10.0,0.23,0.0,0.9891304347826086,0.9837837837837838,0.994535519125683,1.0,1.0,1.0,0.9726651480637813,0.9907192575406032,0.9816091954022989,7.78,7.7,0.08,0.0,77,100
privacy_triggered,0.75,0.4,20.0,0.23,0.0,0.9891304347826086,0.9837837837837838,0.994535519125683,1.0,1.0,1.0,0.9726651480637813,0.9907192575406032,0.9816091954022989,15.48,15.4,0.08,0.0,77,100
privacy_triggered,0.75,0.4,40.0,0.23,0.0,0.9891304347826086,0.9837837837837838,0.994535519125683,1.0,1.0,1.0,0.9726651480637813,0.9907192575406032,0.9816091954022989,30.88,30.8,0.08,0.0,77,100
privacy_triggered,0.75,0.5,2.0,0.3,0.0,0.9843430905377808,0.9810040705563093,0.9877049180327869,1.0,1.0,1.0,0.9678899082568807,0.9791183294663574,0.9734717416378316,1.58,1.4,0.18,0.0,70,100
privacy_triggered,0.75,0.5,5.0,0.3,0.0,0.9843430905377808,0.9810040705563093,0.9877049180327869,1.0,1.0,1.0,0.9678899082568807,0.9791183294663574,0.9734717416378316,3.68,3.5,0.18,0.0,70,100
privacy_triggered,0.75,0.5,10.0,0.3,0.0,0.9843430905377808,0.9810040705563093,0.9877049180327869,1.0,1.0,1.0,0.9678899082568807,0.9791183294663574,0.9734717416378316,7.18,7.0,0.18,0.0,70,100
privacy_triggered,0.75,0.5,20.0,0.3,0.0,0.9843430905377808,0.9810040705563093,0.9877049180327869,1.0,1.0,1.0,0.9678899082568807,0.9791183294663574,0.9734717416378316,14.18,14.0,0.18,0.0,70,100
privacy_triggered,0.75,0.5,40.0,0.3,0.0,0.9843430905377808,0.9810040705563093,0.9877049180327869,1.0,1.0,1.0,0.9678899082568807,0.9791183294663574,0.9734717416378316,28.18,28.0,0.18,0.0,70,100
privacy_triggered,0.75,0.6,2.0,0.41,0.13513513513513514,0.9741496598639455,0.9701897018970189,0.9781420765027322,0.9901315789473685,1.0,0.9950413223140496,0.956221198156682,0.962877030162413,0.9595375722543352,2.933855175971985,1.18,0.32,1.4338551759719849,59,100
privacy_triggered,0.75,0.6,5.0,0.41,0.13513513513513514,0.9741496598639455,0.9701897018970189,0.9781420765027322,0.9901315789473685,1.0,0.9950413223140496,0.956221198156682,0.962877030162413,0.9595375722543352,4.703855175971984,2.95,0.32,1.4338551759719849,59,100
privacy_triggered,0.75,0.6,10.0,0.41,0.13513513513513514,0.9741496598639455,0.9701897018970189,0.9781420765027322,0.9901315789473685,1.0,0.9950413223140496,0.956221198156682,0.962877030162413,0.9595375722543352,7.653855175971985,5.9,0.32,1.4338551759719849,59,100
privacy_triggered,0.75,0.6,20.0,0.41,0.13513513513513514,0.9741496598639455,0.9701897018970189,0.9781420765027322,0.9901315789473685,1.0,0.9950413223140496,0.956221198156682,0.962877030162413,0.9595375722543352,13.553855175971984,11.8,0.32,1.4338551759719849,59,100
privacy_triggered,0.75,0.6,40.0,0.41,0.13513513513513514,0.9741496598639455,0.9701897018970189,0.9781420765027322,0.9901315789473685,1.0,0.9950413223140496,0.956221198156682,0.962877030162413,0.9595375722543352,25.353855175971987,23.6,0.32,1.4338551759719849,59,100
privacy_triggered,0.8,0.2,2.0,0.0,0.0,1.0,1.0,1.0,1.0,1.0,1.0,1.0,1.0,1.0,2.0,2.0,0.0,0.0,100,100
privacy_triggered,0.8,0.2,5.0,0.0,0.0,1.0,1.0,1.0,1.0,1.0,1.0,1.0,1.0,1.0,5.0,5.0,0.0,0.0,100,100
privacy_triggered,0.8,0.2,10.0,0.0,0.0,1.0,1.0,1.0,1.0,1.0,1.0,1.0,1.0,1.0,10.0,10.0,0.0,0.0,100,100
privacy_triggered,0.8,0.2,20.0,0.0,0.0,1.0,1.0,1.0,1.0,1.0,1.0,1.0,1.0,1.0,20.0,20.0,0.0,0.0,100,100
privacy_triggered,0.8,0.2,40.0,0.0,0.0,1.0,1.0,1.0,1.0,1.0,1.0,1.0,1.0,1.0,40.0,40.0,0.0,0.0,100,100
privacy_triggered,0.8,0.3,2.0,0.17,0.0,0.9918588873812755,0.9851752021563343,0.9986338797814208,1.0,1.0,1.0,0.9750566893424036,0.9976798143851509,0.9862385321100917,1.68,1.66,0.02,0.0,83,100
privacy_triggered,0.8,0.3,5.0,0.17,0.0,0.9918588873812755,0.9851752021563343,0.9986338797814208,1.0,1.0,1.0,0.9750566893424036,0.9976798143851509,0.9862385321100917,4.17,4.15,0.02,0.0,83,100
privacy_triggered,0.8,0.3,10.0,0.17,0.0,0.9918588873812755,0.9851752021563343,0.9986338797814208,1.0,1.0,1.0,0.9750566893424036,0.9976798143851509,0.9862385321100917,8.32,8.3,0.02,0.0,83,100
privacy_triggered,0.8,0.3,20.0,0.17,0.0,0.9918588873812755,0.9851752021563343,0.9986338797814208,1.0,1.0,1.0,0.9750566893424036,0.9976798143851509,0.9862385321100917,16.62,16.6,0.02,0.0,83,100
privacy_triggered,0.8,0.3,40.0,0.17,0.0,0.9918588873812755,0.9851752021563343,0.9986338797814208,1.0,1.0,1.0,0.9750566893424036,0.9976798143851509,0.9862385321100917,33.22,33.2,0.02,0.0,83,100
privacy_triggered,0.8,0.4,2.0,0.22,0.0,0.9898167006109979,0.9838056680161943,0.9959016393442623,1.0,1.0,1.0,0.9727272727272728,0.9930394431554525,0.9827784156142365,1.62,1.56,0.06,0.0,78,100
privacy_triggered,0.8,0.4,5.0,0.22,0.0,0.9898167006109979,0.9838056680161943,0.9959016393442623,1.0,1.0,1.0,0.9727272727272728,0.9930394431554525,0.9827784156142365,3.96,3.9,0.06,0.0,78,100
privacy_triggered,0.8,0.4,10.0,0.22,0.0,0.9898167006109979,0.9838056680161943,0.9959016393442623,1.0,1.0,1.0,0.9727272727272728,0.9930394431554525,0.9827784156142365,7.86,7.8,0.06,0.0,78,100
privacy_triggered,0.8,0.4,20.0,0.22,0.0,0.9898167006109979,0.9838056680161943,0.9959016393442623,1.0,1.0,1.0,0.9727272727272728,0.9930394431554525,0.9827784156142365,15.66,15.6,0.06,0.0,78,100
privacy_triggered,0.8,0.4,40.0,0.22,0.0,0.9898167006109979,0.9838056680161943,0.9959016393442623,1.0,1.0,1.0,0.9727272727272728,0.9930394431554525,0.9827784156142365,31.26,31.2,0.06,0.0,78,100
privacy_triggered,0.8,0.5,2.0,0.28,0.0,0.9857239972807614,0.9810554803788903,0.9904371584699454,1.0,1.0,1.0,0.9680365296803652,0.9837587006960556,0.9758342922899885,1.58,1.44,0.14,0.0,72,100
privacy_triggered,0.8,0.5,5.0,0.28,0.0,0.9857239972807614,0.9810554803788903,0.9904371584699454,1.0,1.0,1.0,0.9680365296803652,0.9837587006960556,0.9758342922899885,3.74,3.6,0.14,0.0,72,100
privacy_triggered,0.8,0.5,10.0,0.28,0.0,0.9857239972807614,0.9810554803788903,0.9904371584699454,1.0,1.0,1.0,0.9680365296803652,0.9837587006960556,0.9758342922899885,7.34,7.2,0.14,0.0,72,100
privacy_triggered,0.8,0.5,20.0,0.28,0.0,0.9857239972807614,0.9810554803788903,0.9904371584699454,1.0,1.0,1.0,0.9680365296803652,0.9837587006960556,0.9758342922899885,14.54,14.4,0.14,0.0,72,100
privacy_triggered,0.8,0.5,40.0,0.28,0.0,0.9857239972807614,0.9810554803788903,0.9904371584699454,1.0,1.0,1.0,0.9680365296803652,0.9837587006960556,0.9758342922899885,28.94,28.8,0.14,0.0,72,100
privacy_triggered,0.8,0.6,2.0,0.37,0.10810810810810811,0.9755434782608695,0.9702702702702702,0.9808743169398907,0.9901315789473685,1.0,0.9950413223140496,0.9564220183486238,0.9675174013921114,0.9619377162629758,2.69377014875412,1.26,0.28,1.1537701487541199,63,100
privacy_triggered,0.8,0.6,5.0,0.37,0.10810810810810811,0.9755434782608695,0.9702702702702702,0.9808743169398907,0.9901315789473685,1.0,0.9950413223140496,0.9564220183486238,0.9675174013921114,0.9619377162629758,4.58377014875412,3.15,0.28,1.1537701487541199,63,100
privacy_triggered,0.8,0.6,10.0,0.37,0.10810810810810811,0.9755434782608695,0.9702702702702702,0.9808743169398907,0.9901315789473685,1.0,0.9950413223140496,0.9564220183486238,0.9675174013921114,0.9619377162629758,7.73377014875412,6.3,0.28,1.1537701487541199,63,100
privacy_triggered,0.8,0.6,20.0,0.37,0.10810810810810811,0.9755434782608695,0.9702702702702702,0.9808743169398907,0.9901315789473685,1.0,0.9950413223140496,0.9564220183486238,0.9675174013921114,0.9619377162629758,14.03377014875412,12.6,0.28,1.1537701487541199,63,100
privacy_triggered,0.8,0.6,40.0,0.37,0.10810810810810811,0.9755434782608695,0.9702702702702702,0.9808743169398907,0.9901315789473685,1.0,0.9950413223140496,0.9564220183486238,0.9675174013921114,0.9619377162629758,26.63377014875412,25.2,0.28,1.1537701487541199,63,100
privacy_triggered,0.85,0.2,2.0,0.0,0.0,1.0,1.0,1.0,1.0,1.0,1.0,1.0,1.0,1.0,2.0,2.0,0.0,0.0,100,100
privacy_triggered,0.85,0.2,5.0,0.0,0.0,1.0,1.0,1.0,1.0,1.0,1.0,1.0,1.0,1.0,5.0,5.0,0.0,0.0,100,100
privacy_triggered,0.85,0.2,10.0,0.0,0.0,1.0,1.0,1.0,1.0,1.0,1.0,1.0,1.0,1.0,10.0,10.0,0.0,0.0,100,100
privacy_triggered,0.85,0.2,20.0,0.0,0.0,1.0,1.0,1.0,1.0,1.0,1.0,1.0,1.0,1.0,20.0,20.0,0.0,0.0,100,100
privacy_triggered,0.85,0.2,40.0,0.0,0.0,1.0,1.0,1.0,1.0,1.0,1.0,1.0,1.0,1.0,40.0,40.0,0.0,0.0,100,100
privacy_triggered,0.85,0.3,2.0,0.16,0.0,0.9918588873812755,0.9851752021563343,0.9986338797814208,1.0,1.0,1.0,0.9750566893424036,0.9976798143851509,0.9862385321100917,1.7,1.68,0.02,0.0,84,100
privacy_triggered,0.85,0.3,5.0,0.16,0.0,0.9918588873812755,0.9851752021563343,0.9986338797814208,1.0,1.0,1.0,0.9750566893424036,0.9976798143851509,0.9862385321100917,4.22,4.2,0.02,0.0,84,100
privacy_triggered,0.85,0.3,10.0,0.16,0.0,0.9918588873812755,0.9851752021563343,0.9986338797814208,1.0,1.0,1.0,0.9750566893424036,0.9976798143851509,0.9862385321100917,8.42,8.4,0.02,0.0,84,100
privacy_triggered,0.85,0.3,20.0,0.16,0.0,0.9918588873812755,0.9851752021563343,0.9986338797814208,1.0,1.0,1.0,0.9750566893424036,0.9976798143851509,0.9862385321100917,16.82,16.8,0.02,0.0,84,100
privacy_triggered,0.85,0.3,40.0,0.16,0.0,0.9918588873812755,0.9851752021563343,0.9986338797814208,1.0,1.0,1.0,0.9750566893424036,0.9976798143851509,0.9862385321100917,33.62,33.6,0.02,0.0,84,100
privacy_triggered,0.85,0.4,2.0,0.2,0.0,0.9898167006109979,0.9838056680161943,0.9959016393442623,1.0,1.0,1.0,0.9727272727272728,0.9930394431554525,0.9827784156142365,1.66,1.6,0.06,0.0,80,100
privacy_triggered,0.85,0.4,5.0,0.2,0.0,0.9898167006109979,0.9838056680161943,0.9959016393442623,1.0,1.0,1.0,0.9727272727272728,0.9930394431554525,0.9827784156142365,4.06,4.0,0.06,0.0,80,100
privacy_triggered,0.85,0.4,10.0,0.2,0.0,0.9898167006109979,0.9838056680161943,0.9959016393442623,1.0,1.0,1.0,0.9727272727272728,0.9930394431554525,0.9827784156142365,8.06,8.0,0.06,0.0,80,100
privacy_triggered,0.85,0.4,20.0,0.2,0.0,0.9898167006109979,0.9838056680161943,0.9959016393442623,1.0,1.0,1.0,0.9727272727272728,0.9930394431554525,0.9827784156142365,16.06,16.0,0.06,0.0,80,100
privacy_triggered,0.85,0.4,40.0,0.2,0.0,0.9898167006109979,0.9838056680161943,0.9959016393442623,1.0,1.0,1.0,0.9727272727272728,0.9930394431554525,0.9827784156142365,32.06,32.0,0.06,0.0,80,100
privacy_triggered,0.85,0.5,2.0,0.23,0.0,0.988458927359131,0.9824561403508771,0.994535519125683,1.0,1.0,1.0,0.9704545454545455,0.9907192575406032,0.9804822043628014,1.62,1.54,0.08,0.0,77,100
privacy_triggered,0.85,0.5,5.0,0.23,0.0,0.988458927359131,0.9824561403508771,0.994535519125683,1.0,1.0,1.0,0.9704545454545455,0.9907192575406032,0.9804822043628014,3.93,3.85,0.08,0.0,77,100
privacy_triggered,0.85,0.5,10.0,0.23,0.0,0.988458927359131,0.9824561403508771,0.994535519125683,1.0,1.0,1.0,0.9704545454545455,0.9907192575406032,0.9804822043628014,7.78,7.7,0.08,0.0,77,100
privacy_triggered,0.85,0.5,20.0,0.23,0.0,0.988458927359131,0.9824561403508771,0.994535519125683,1.0,1.0,1.0,0.9704545454545455,0.9907192575406032,0.9804822043628014,15.48,15.4,0.08,0.0,77,100
privacy_triggered,0.85,0.5,40.0,0.23,0.0,0.988458927359131,0.9824561403508771,0.994535519125683,1.0,1.0,1.0,0.9704545454545455,0.9907192575406032,0.9804822043628014,30.88,30.8,0.08,0.0,77,100
privacy_triggered,0.85,0.6,2.0,0.28,0.05405405405405406,0.9823129251700681,0.978319783197832,0.9863387978142076,0.9933993399339934,1.0,0.9966887417218543,0.967816091954023,0.9767981438515081,0.9722863741339491,2.2261353874206544,1.44,0.2,0.5861353874206543,72,100
privacy_triggered,0.85,0.6,5.0,0.28,0.05405405405405406,0.9823129251700681,0.978319783197832,0.9863387978142076,0.9933993399339934,1.0,0.9966887417218543,0.967816091954023,0.9767981438515081,0.9722863741339491,4.386135387420654,3.6,0.2,0.5861353874206543,72,100
privacy_triggered,0.85,0.6,10.0,0.28,0.05405405405405406,0.9823129251700681,0.978319783197832,0.9863387978142076,0.9933993399339934,1.0,0.9966887417218543,0.967816091954023,0.9767981438515081,0.9722863741339491,7.986135387420655,7.2,0.2,0.5861353874206543,72,100
privacy_triggered,0.85,0.6,20.0,0.28,0.05405405405405406,0.9823129251700681,0.978319783197832,0.9863387978142076,0.9933993399339934,1.0,0.9966887417218543,0.967816091954023,0.9767981438515081,0.9722863741339491,15.186135387420654,14.4,0.2,0.5861353874206543,72,100
privacy_triggered,0.85,0.6,40.0,0.28,0.05405405405405406,0.9823129251700681,0.978319783197832,0.9863387978142076,0.9933993399339934,1.0,0.9966887417218543,0.967816091954023,0.9767981438515081,0.9722863741339491,29.586135387420654,28.8,0.2,0.5861353874206543,72,100
privacy_triggered,0.9,0.2,2.0,0.0,0.0,1.0,1.0,1.0,1.0,1.0,1.0,1.0,1.0,1.0,2.0,2.0,0.0,0.0,100,100
privacy_triggered,0.9,0.2,5.0,0.0,0.0,1.0,1.0,1.0,1.0,1.0,1.0,1.0,1.0,1.0,5.0,5.0,0.0,0.0,100,100
privacy_triggered,0.9,0.2,10.0,0.0,0.0,1.0,1.0,1.0,1.0,1.0,1.0,1.0,1.0,1.0,10.0,10.0,0.0,0.0,100,100
privacy_triggered,0.9,0.2,20.0,0.0,0.0,1.0,1.0,1.0,1.0,1.0,1.0,1.0,1.0,1.0,20.0,20.0,0.0,0.0,100,100
privacy_triggered,0.9,0.2,40.0,0.0,0.0,1.0,1.0,1.0,1.0,1.0,1.0,1.0,1.0,1.0,40.0,40.0,0.0,0.0,100,100
privacy_triggered,0.9,0.3,2.0,0.06,0.0,0.9979550102249489,0.9959183673469387,1.0,1.0,1.0,1.0,0.9930875576036866,1.0,0.9965317919075144,1.88,1.88,0.0,0.0,94,100
privacy_triggered,0.9,0.3,5.0,0.06,0.0,0.9979550102249489,0.9959183673469387,1.0,1.0,1.0,1.0,0.9930875576036866,1.0,0.9965317919075144,4.7,4.7,0.0,0.0,94,100
privacy_triggered,0.9,0.3,10.0,0.06,0.0,0.9979550102249489,0.9959183673469387,1.0,1.0,1.0,1.0,0.9930875576036866,1.0,0.9965317919075144,9.4,9.4,0.0,0.0,94,100
privacy_triggered,0.9,0.3,20.0,0.06,0.0,0.9979550102249489,0.9959183673469387,1.0,1.0,1.0,1.0,0.9930875576036866,1.0,0.9965317919075144,18.8,18.8,0.0,0.0,94,100
privacy_triggered,0.9,0.3,40.0,0.06,0.0,0.9979550102249489,0.9959183673469387,1.0,1.0,1.0,1.0,0.9930875576036866,1.0,0.9965317919075144,37.6,37.6,0.0,0.0,94,100
privacy_triggered,0.9,0.4,2.0,0.07,0.0,0.9979550102249489,0.9959183673469387,1.0,1.0,1.0,1.0,0.9930875576036866,1.0,0.9965317919075144,1.86,1.86,0.0,0.0,93,100
privacy_triggered,0.9,0.4,5.0,0.07,0.0,0.9979550102249489,0.9959183673469387,1.0,1.0,1.0,1.0,0.9930875576036866,1.0,0.9965317919075144,4.65,4.65,0.0,0.0,93,100
privacy_triggered,0.9,0.4,10.0,0.07,0.0,0.9979550102249489,0.9959183673469387,1.0,1.0,1.0,1.0,0.9930875576036866,1.0,0.9965317919075144,9.3,9.3,0.0,0.0,93,100
privacy_triggered,0.9,0.4,20.0,0.07,0.0,0.9979550102249489,0.9959183673469387,1.0,1.0,1.0,1.0,0.9930875576036866,1.0,0.9965317919075144,18.6,18.6,0.0,0.0,93,100
privacy_triggered,0.9,0.4,40.0,0.07,0.0,0.9979550102249489,0.9959183673469387,1.0,1.0,1.0,1.0,0.9930875576036866,1.0,0.9965317919075144,37.2,37.2,0.0,0.0,93,100
privacy_triggered,0.9,0.5,2.0,0.09,0.0,0.9979550102249489,0.9959183673469387,1.0,1.0,1.0,1.0,0.9930875576036866,1.0,0.9965317919075144,1.82,1.82,0.0,0.0,91,100
privacy_triggered,0.9,0.5,5.0,0.09,0.0,0.9979550102249489,0.9959183673469387,1.0,1.0,1.0,1.0,0.9930875576036866,1.0,0.9965317919075144,4.55,4.55,0.0,0.0,91,100
privacy_triggered,0.9,0.5,10.0,0.09,0.0,0.9979550102249489,0.9959183673469387,1.0,1.0,1.0,1.0,0.9930875576036866,1.0,0.9965317919075144,9.1,9.1,0.0,0.0,91,100
privacy_triggered,0.9,0.5,20.0,0.09,0.0,0.9979550102249489,0.9959183673469387,1.0,1.0,1.0,1.0,0.9930875576036866,1.0,0.9965317919075144,18.2,18.2,0.0,0.0,91,100
privacy_triggered,0.9,0.5,40.0,0.09,0.0,0.9979550102249489,0.9959183673469387,1.0,1.0,1.0,1.0,0.9930875576036866,1.0,0.9965317919075144,36.4,36.4,0.0,0.0,91,100
privacy_triggered,0.9,0.6,2.0,0.1,0.0,0.9945280437756497,0.9958904109589041,0.9931693989071039,1.0,1.0,1.0,0.993006993006993,0.988399071925754,0.9906976744186047,1.9,1.8,0.1,0.0,90,100
privacy_triggered,0.9,0.6,5.0,0.1,0.0,0.9945280437756497,0.9958904109589041,0.9931693989071039,1.0,1.0,1.0,0.993006993006993,0.988399071925754,0.9906976744186047,4.6,4.5,0.1,0.0,90,100
privacy_triggered,0.9,0.6,10.0,0.1,0.0,0.9945280437756497,0.9958904109589041,0.9931693989071039,1.0,1.0,1.0,0.993006993006993,0.988399071925754,0.9906976744186047,9.1,9.0,0.1,0.0,90,100
privacy_triggered,0.9,0.6,20.0,0.1,0.0,0.9945280437756497,0.9958904109589041,0.9931693989071039,1.0,1.0,1.0,0.993006993006993,0.988399071925754,0.9906976744186047,18.1,18.0,0.1,0.0,90,100
privacy_triggered,0.9,0.6,40.0,0.1,0.0,0.9945280437756497,0.9958904109589041,0.9931693989071039,1.0,1.0,1.0,0.993006993006993,0.988399071925754,0.9906976744186047,36.1,36.0,0.1,0.0,90,100
privacy_triggered,0.95,0.2,2.0,0.0,0.0,1.0,1.0,1.0,1.0,1.0,1.0,1.0,1.0,1.0,2.0,2.0,0.0,0.0,100,100
privacy_triggered,0.95,0.2,5.0,0.0,0.0,1.0,1.0,1.0,1.0,1.0,1.0,1.0,1.0,1.0,5.0,5.0,0.0,0.0,100,100
privacy_triggered,0.95,0.2,10.0,0.0,0.0,1.0,1.0,1.0,1.0,1.0,1.0,1.0,1.0,1.0,10.0,10.0,0.0,0.0,100,100
privacy_triggered,0.95,0.2,20.0,0.0,0.0,1.0,1.0,1.0,1.0,1.0,1.0,1.0,1.0,1.0,20.0,20.0,0.0,0.0,100,100
privacy_triggered,0.95,0.2,40.0,0.0,0.0,1.0,1.0,1.0,1.0,1.0,1.0,1.0,1.0,1.0,40.0,40.0,0.0,0.0,100,100
privacy_triggered,0.95,0.3,2.0,0.0,0.0,1.0,1.0,1.0,1.0,1.0,1.0,1.0,1.0,1.0,2.0,2.0,0.0,0.0,100,100
privacy_triggered,0.95,0.3,5.0,0.0,0.0,1.0,1.0,1.0,1.0,1.0,1.0,1.0,1.0,1.0,5.0,5.0,0.0,0.0,100,100
privacy_triggered,0.95,0.3,10.0,0.0,0.0,1.0,1.0,1.0,1.0,1.0,1.0,1.0,1.0,1.0,10.0,10.0,0.0,0.0,100,100
privacy_triggered,0.95,0.3,20.0,0.0,0.0,1.0,1.0,1.0,1.0,1.0,1.0,1.0,1.0,1.0,20.0,20.0,0.0,0.0,100,100
privacy_triggered,0.95,0.3,40.0,0.0,0.0,1.0,1.0,1.0,1.0,1.0,1.0,1.0,1.0,1.0,40.0,40.0,0.0,0.0,100,100
privacy_triggered,0.95,0.4,2.0,0.0,0.0,1.0,1.0,1.0,1.0,1.0,1.0,1.0,1.0,1.0,2.0,2.0,0.0,0.0,100,100
privacy_triggered,0.95,0.4,5.0,0.0,0.0,1.0,1.0,1.0,1.0,1.0,1.0,1.0,1.0,1.0,5.0,5.0,0.0,0.0,100,100
privacy_triggered,0.95,0.4,10.0,0.0,0.0,1.0,1.0,1.0,1.0,1.0,1.0,1.0,1.0,1.0,10.0,10.0,0.0,0.0,100,100
privacy_triggered,0.95,0.4,20.0,0.0,0.0,1.0,1.0,1.0,1.0,1.0,1.0,1.0,1.0,1.0,20.0,20.0,0.0,0.0,100,100
privacy_triggered,0.95,0.4,40.0,0.0,0.0,1.0,1.0,1.0,1.0,1.0,1.0,1.0,1.0,1.0,40.0,40.0,0.0,0.0,100,100
privacy_triggered,0.95,0.5,2.0,0.0,0.0,1.0,1.0,1.0,1.0,1.0,1.0,1.0,1.0,1.0,2.0,2.0,0.0,0.0,100,100
privacy_triggered,0.95,0.5,5.0,0.0,0.0,1.0,1.0,1.0,1.0,1.0,1.0,1.0,1.0,1.0,5.0,5.0,0.0,0.0,100,100
privacy_triggered,0.95,0.5,10.0,0.0,0.0,1.0,1.0,1.0,1.0,1.0,1.0,1.0,1.0,1.0,10.0,10.0,0.0,0.0,100,100
privacy_triggered,0.95,0.5,20.0,0.0,0.0,1.0,1.0,1.0,1.0,1.0,1.0,1.0,1.0,1.0,20.0,20.0,0.0,0.0,100,100
privacy_triggered,0.95,0.5,40.0,0.0,0.0,1.0,1.0,1.0,1.0,1.0,1.0,1.0,1.0,1.0,40.0,40.0,0.0,0.0,100,100
privacy_triggered,0.95,0.6,2.0,0.0,0.0,1.0,1.0,1.0,1.0,1.0,1.0,1.0,1.0,1.0,2.0,2.0,0.0,0.0,100,100
privacy_triggered,0.95,0.6,5.0,0.0,0.0,1.0,1.0,1.0,1.0,1.0,1.0,1.0,1.0,1.0,5.0,5.0,0.0,0.0,100,100
privacy_triggered,0.95,0.6,10.0,0.0,0.0,1.0,1.0,1.0,1.0,1.0,1.0,1.0,1.0,1.0,10.0,10.0,0.0,0.0,100,100
privacy_triggered,0.95,0.6,20.0,0.0,0.0,1.0,1.0,1.0,1.0,1.0,1.0,1.0,1.0,1.0,20.0,20.0,0.0,0.0,100,100
privacy_triggered,0.95,0.6,40.0,0.0,0.0,1.0,1.0,1.0,1.0,1.0,1.0,1.0,1.0,1.0,40.0,40.0,0.0,0.0,100,100
